{
  "evaluation_timestamp": "2025-12-10T22:15:38.433649",
  "summary": {
    "fp16_baseline": {
      "perplexity": 10.957778065916983,
      "avg_loss": 2.3940495297551654,
      "model_size_gb": 7.6,
      "avg_generation_time": 14.540984076758226,
      "success_rate": 100.0
    },
    "int8": {
      "perplexity": 11.31350551368261,
      "ppl_degradation_pct": 3.2463465277881474,
      "kl_divergence": 0.6612246917832202,
      "model_size_gb": 1.9,
      "compression_ratio": "4.0x",
      "avg_generation_time": 21.01164671530326,
      "success_rate": 100.0,
      "harm_level": "SEVERE"
    },
    "awq_4bit": {
      "perplexity": 12.092639938023916,
      "ppl_degradation_pct": 10.356678747097478,
      "kl_divergence": 0.6635359317772279,
      "model_size_gb": 1.0,
      "compression_ratio": "7.6x",
      "avg_generation_time": 67.32018432269494,
      "success_rate": 100.0,
      "harm_level": "SEVERE"
    }
  },
  "comparisons": {},
  "quality_metrics": {},
  "memory_analysis": {}
}