{
  "evaluation_timestamp": "2025-12-06T15:38:39.732872",
  "summary": {
    "fp16_baseline": {
      "perplexity": 10.957778065916983,
      "avg_loss": 2.3940495297551654,
      "model_size_gb": 7.6,
      "avg_generation_time": 2.1689393868048987,
      "success_rate": 100.0
    },
    "int8": {
      "perplexity": 11.31350551368261,
      "ppl_degradation_pct": 3.2463465277881474,
      "kl_divergence": 0.6745784902240297,
      "model_size_gb": 1.9,
      "compression_ratio": "4x",
      "avg_generation_time": 5.904586220781009,
      "success_rate": 100.0,
      "harm_level": "SEVERE"
    },
    "awq_4bit": {
      "perplexity": 12.092639938023916,
      "ppl_degradation_pct": 10.356678747097478,
      "kl_divergence": 0.7353778920927706,
      "model_size_gb": 1.0,
      "compression_ratio": "7-8x",
      "avg_generation_time": 3.259154391785463,
      "success_rate": 100.0,
      "harm_level": "SEVERE"
    }
  },
  "comparisons": {},
  "quality_metrics": {},
  "memory_analysis": {}
}